Model,True Positives,False Positives,False Negatives,Correct Predictions,Correct Location,Total Predictions,Accuracy,Precision,Recall,F1 Score
llama,94,302,190,94,37,586,16.040955631399317,23.737373737373737,33.098591549295776,27.647058823529413
codellama7,353,500,147,353,37,1000,35.3,41.38335287221571,70.6,52.18033998521804
deepseek6.7,265,500,235,265,63,1000,26.5,34.64052287581699,53.0,41.89723320158103
